Identify and investigate computer criminals of all stripes with help from this fully updated. real-world resource. Hacking Exposed Computer Forensics, Second Edition explains how to construct a high-tech forensic lab, collect prosecutable evidence, d ...# 189966226# http://s.it-ebooks-api.info/13/hacking_exposed_computer_forensics_2nd_edition.jpg# 9780071626774# Computer Forensics Secrets and Solutions# Hacking Exposed Computer Forensics, 2nd Edition
OpenCV 2 Computer Vision Application Programming Cookbook will introduce you to numerous computer vision algorithms included in the OpenCV library. You will learn how to read, write, create and manipulate images. You will explore different techniques ...# 1968926888# http://s.it-ebooks-api.info/14/opencv_2_computer_vision_application_programming_cookbook.jpg# 9781849513241# Over 50 recipes to master this library of programming functions for real-time computer vision# OpenCV 2 Computer Vision Application Programming Cookbook
This book constitutes the refereed proceedings of the 18th European Symposium on Computer Security, ESORICS 2013, held in Egham, UK, in September 2013.

The 43 papers included in the book were carefully reviewed and selected from 242 papers. The ai ...# 670464024# http://s.it-ebooks-api.info/16/computer_security_-_esorics_2013.jpg# 9783642402029# 18th European Symposium on Research in Computer Security Egham, UK, September 2013, Proceedings# Computer Security - ESORICS 2013
This book will provide you with the skills you need to successfully design and implement your own Raspberry Pi and Python-based computer vision projects.

From the beginning, this book will cover how to set up your Raspberry Pi for computer vision ...# 225098420# http://s.it-ebooks-api.info/14/raspberry_pi_computer_vision_programming.jpg# 9781784398286# Design and implement your own computer vision applications with the Raspberry Pi# Raspberry Pi Computer Vision Programming
OpenCV 3.0 Computer Vision with Java is a practical tutorial guide that explains fundamental tasks from computer vision while focusing on Java development. This book will teach you how to set up OpenCV for Java and handle matrices using the basic ope ...# 759646508# http://s.it-ebooks-api.info/14/opencv_3.0_computer_vision_with_java.jpg# 9781783283972# Create multiplatform computer vision desktop and web applications using the combination of OpenCV and Java# OpenCV 3.0 Computer Vision with Java
Are you a programmer or computer enthusiast? Do you feel comfortable with methods, functions, and variables? Do you wish you knew more about how the computer made it all work? Now you can. From basic electronics to advanced computer hardware, you'll ...# 425866405# http://s.it-ebooks-api.info/1/a_peek_at_computer_electronics.jpg# 9780977616688# Things you Should Know# A Peek at Computer Electronics
Welcome to computer science in the 21st century. Did you ever wonder how computers represent DNA? How they can download a web page containing population data and analyze it to spot trends? Or how they can change the colors in a color photograph? If s ...# 668359613# http://s.it-ebooks-api.info/1/practical_programming.jpg# 9781934356272# An Introduction to Computer Science Using Python# Practical Programming
Steven Levy's classic book about the original hackers of the computer revolution is now available in a special 25th anniversary edition, with updated material from noteworthy hackers such as Bill Gates, Mark Zuckerberg, Richard Stallman, and Steve Wo ...# 3561080914# http://s.it-ebooks-api.info/3/hackers.jpg# 9781449388393# Heroes of the Computer Revolution - 25th Anniversary Edition# Hackers
If you think computer security has improved in recent years, Myths of Security will shake you out of your complacency. Longtime security professional John Viega reports on the sorry state of security, with concrete suggestions for professionals and i ...# 829900677# http://s.it-ebooks-api.info/3/the_myths_of_security.jpg# 9780596523022# What the Computer Security Industry Doesn't Want You to Know# The Myths of Security
This library is useful for practitioners, and is an excellent tool for those entering the field: it is a set of computer vision algorithms that work as advertised. 
-William T. Freeman, Computer Science and Artificial Intelligence Laboratory, Massac ...# 3765113215# http://s.it-ebooks-api.info/3/learning_opencv.jpg# 9780596516130# Computer Vision with the OpenCV Library# Learning OpenCV
SimpleCV is a cross platform (Windows, Macintosh, Linux) framework in Python that makes writing computer vision applications quick and easy. This book takes you through real world examples and applications using SimpleCV so that anyone, even with zer ...# 3322210802# http://s.it-ebooks-api.info/3/practical_computer_vision_with_simplecv.jpg# 9781449320362# The Simple Way to Make Technology See# Practical Computer Vision with SimpleCV
If you want a basic understanding of computer vision's underlying theory and algorithms, this hands-on introduction is the ideal place to start. You'll learn techniques for object recognition, 3D reconstruction, stereo imaging, augmented reality, and ...# 1467620692# http://s.it-ebooks-api.info/3/programming_computer_vision_with_python.jpg# 9781449316549# Tools and algorithms for analyzing images# Programming Computer Vision with Python
What can you do with the Raspberry Pi, a $35 computer the size of a credit card? All sorts of things! If you're learning how to program, or looking to build new electronic projects, this hands-on guide will show you just how valuable this flexible li ...# 827663644# http://s.it-ebooks-api.info/3/getting_started_with_raspberry_pi.jpg# 9781449344214# Getting To Know The $35 ARM-Powered Linux Computer# Getting Started with Raspberry Pi
Allows anyone with basic OpenCV experience to rapidly obtain skills in many computer vision topics, for research or commercial use. Each chapter is a separate project covering a computer vision problem, written by a professional with proven experienc ...# 4040152547# http://s.it-ebooks-api.info/14/mastering_opencv_with_practical_computer_vision_projects.jpg# 9781849517829# # Mastering OpenCV with Practical Computer Vision Projects
Panda3D is a game engine, a framework for 3D rendering and game development for Python and C++ programs. It includes graphics, audio, I/O, collision detection, and other abilities relevant to the creation of 3D games. Also, Panda3D is Open Source and ...# 657216747# http://s.it-ebooks-api.info/14/panda3d_1.6_game_engine.jpg# 9781849512725# Create your own computer game with this 3D rendering and game development framework# Panda3D 1.6 Game Engine
Processing is probably the best known creative coding environment that helps you bridge the gap between programming and art. It enables designers, artists, architects, students and many others to explore graphics programming and computational art in ...# 4022061468# http://s.it-ebooks-api.info/14/processing_2_creative_programming_cookbook.jpg# 9781849517942# Over 90 highly-effective recipes to unleash your creativity with interactive art, graphics, computer vision, 3D, and more# Processing 2: Creative Programming Cookbook
If you know basic high-school math, you can quickly learn and apply the core concepts of computer science with this concise, hands-on book. Led by a team of experts, you'll quickly understand the difference between computer science and computer progr ...# 2379020514# http://s.it-ebooks-api.info/3/computer_science_programming_basics_in_ruby.jpg# 9781449355975# Exploring Concepts and Curriculum with Ruby# Computer Science Programming Basics in Ruby
Introduction to Computer Science Using Python: A Computational Problem-Solving Focusintroduces students to programming and computational problem-solving via a back-to-basics, step-by-step, objects-late approach that makes this book easy to teach and ...# 1079096974# http://s.it-ebooks-api.info/9/introduction_to_computer_science_using_python.jpg# 9780470555156# A Computational Problem-Solving Focus# Introduction to Computer Science Using Python
Presenting a holistic and thoroughly practical investigation of the true nature of computer games that arms readers with a small yet powerful set of theories for developing unique approaches to understanding games. Game Invaders fully integrates genr ...# 1022094583# http://s.it-ebooks-api.info/9/game_invaders.jpg# 9780470597187# The Theory and Understanding of Computer Games# Game Invaders
This hands-on textbook/reference presents a comprehensive review of key distributed graph algorithms for computer network applications, with a particular emphasis on practical implementation. Each chapter opens with a concise introduction to a specif ...# 994654867# http://s.it-ebooks-api.info/16/distributed_graph_algorithms_for_computer_networks.jpg# 9781447151722# # Distributed Graph Algorithms for Computer Networks
Readers can turn to this indispensable reference guide for comprehensive and lucid coverage of the operational, technical, and organizational knowledge needed to harness successful and constructive computer assisted exercises (CAX) and war games. It ...# 3523772480# http://s.it-ebooks-api.info/9/computer_assisted_exercises_and_training.jpg# 9780470412299# A Reference Guide# Computer Assisted Exercises and Training
How many ways do exist to mix different ingredients, how many chances to win a gambling game, how many possible paths going from one place to another in a network? To this kind of questions Mathematics applied to computer gives a stimulating and exha ...# 2991366645# http://s.it-ebooks-api.info/9/mathematics_for_informatics_and_computer_science.jpg# 9781848211964# # Mathematics for Informatics and Computer Science
CPU, Ghz, Mhz, DIMMS, RAM, ROM, AGP, ISA, PCI, USB, CRT, LCD, NIC, CCD, CIS, DP, Kbps. What do all of these acronyms mean?

Are you baffled by computer technology and technology? Intimidated by computer salespeople who grimace or grin when you say ...# 3476730986# http://s.it-ebooks-api.info/9/buying_a_computer_for_dummies_2005_edition.jpg# 9780764579783# # Buying a Computer For Dummies, 2005 Edition
Computer viruses - just the thought of your trusty PC catching one is probably enough to make you sick. Thanks to the cyber-sickies who persist in coming up with new strains, there's a major new cyberattack nearly every day. Viruses sneak in, usually ...# 2847419925# http://s.it-ebooks-api.info/9/computer_viruses_for_dummies.jpg# 9780764574184# # Computer Viruses For Dummies
Students studying computer animation and computer games have to be familiar with geometry, matrices, vectors, rotation transforms, quaternions, curves and surfaces, and as computer graphics software becomes increasingly sophisticated, calculus is als ...# 37679235# http://s.it-ebooks-api.info/16/calculus_for_computer_graphics.jpg# 9781447154655# # Calculus for Computer Graphics
Computer Vision can reach consumers in various contexts via webcams, camera phones and gaming sensors like Kinect. OpenCV's Python bindings can help developers meet these consumer demands for applications that capture images, change their appearance ...# 3085002194# http://s.it-ebooks-api.info/14/opencv_computer_vision_with_python.jpg# 9781782163923# Learn to capture videos, manipulate images, and track objects with Python using the OpenCV Library# OpenCV Computer Vision with Python
When something goes wrong with your computer, it's frustrating and potentially expensive. With Fix Your Own Computer For Seniors For Dummies, you can find out what's wrong, how to fix it, whether you need to call in professional help, and how to prac ...# 910007803# http://s.it-ebooks-api.info/9/fix_your_own_computer_for_seniors_for_dummies.jpg# 9780470500873# # Fix Your Own Computer For Seniors For Dummies
Creating video games has traditionally been a long and complicated process, requiring years of experience and a vast array of skills. However, with the introduction of comprehensive game-development toolkits such as Stencyl, the fun has returned to t ...# 699941849# http://s.it-ebooks-api.info/14/learning_stencyl_3.x_game_development.jpg# 9781849695961# A fast-paced, hands-on guide for developing a feature-complete video game on almost any desktop computer, without writing a single line of computer code# Learning Stencyl 3.x Game Development
Your computer won't respond when you yell at it. Why not learn to talk to your computer in its own language? Whether you want to write games, start a business, or you're just curious, learning to program is a great place to start. Plus, programming i ...# 1480357955# http://s.it-ebooks-api.info/5/hello_world.jpg# 9781933988498# Computer Programming for Kids and Other Beginners# Hello World!
This book is for anyone who wants to understand computer programming. You'll learn to program in a language that' s used in millions of smartphones, tablets, and PCs. You'll code along with the book, writing programs to solve real-world problems as y ...# 3893921641# http://s.it-ebooks-api.info/1/practical_programming_2nd_edition.jpg# 9781937785451# An Introduction to Computer Science Using Python 3# Practical Programming, 2nd Edition
Computer security touches every part of our daily lives from our computers and connected devices to the wireless signals around us. Breaches have real and immediate financial, privacy, and safety consequences. This handbook has compiled advice from t ...# 3816052021# http://s.it-ebooks-api.info/9/computer_security_handbook_6th_edition.jpg# 9781118127063# # Computer Security Handbook, 6th Edition
Computer Vision Metrics provides an extensive survey and analysis of over 100 current and historical feature description and machine vision methods, with a detailed taxonomy for local, regional and global features. This book provides necessary backgr ...# 380910225# http://s.it-ebooks-api.info/6/computer_vision_metrics.jpg# 9781430259299# Survey, Taxonomy, and Analysis# Computer Vision Metrics
Mathematical Structures for Computer Graphics presents an accessible and intuitive approach to the mathematical ideas and techniques necessary for two- and three-dimensional computer graphics. Focusing on the significant mathematical results, the boo ...# 213124577# http://s.it-ebooks-api.info/9/mathematical_structures_for_computer_graphics.jpg# 9781118712191# # Mathematical Structures for Computer Graphics
Learn to talk to your computer in its own language! Whether you want to create a game, start a business, or solve an important problem, the first step is learning to write your own programs. Programming is a fun challenge, and it's easy to get starte ...# 2548911545# http://s.it-ebooks-api.info/5/hello_world_2nd_edition.jpg# 9781617290923# Computer Programming for Kids and Other Beginners# Hello World! 2nd Edition
The Raspberry Pi is more than just a platform for teaching students how to program computers! The recipes in this book show you how this inexpensive computer can be used out of the box for a number of practical solutions that utilize existing network ...# 2466929623# http://s.it-ebooks-api.info/14/raspberry_pi_networking_cookbook.jpg# 9781849694605# Computer expert or enthusiast, this cookbook will help you use your Raspberry Pi to enhance your existing network. From sharing media across devices to deploying your own web portal, you’ll be amaze# Raspberry Pi Networking Cookbook
This book teaches you how to hook up your Raspberry Pi computer, install different games from a variety of genres, and set up emulators so you can play hundreds of classic arcade and console games. Moreover, you will also learn how to design, create, ...# 3853005397# http://s.it-ebooks-api.info/14/raspberry_pi_gaming_2nd_edition.jpg# 9781784399337# Design, create, and play all kinds of video games on your Raspberry Pi computer# Raspberry Pi Gaming, 2nd Edition
Lauren Ipsum is a whimsical journey through a land where logic and computer science come to life.

Meet Lauren, an adventurer lost in Userland who needs to find her way home by solving a series of puzzles. As she visits places like the Push &amp; P ...# 337469531# http://s.it-ebooks-api.info/15/lauren_ipsum.jpg# 9781593275747# A Story About Computer Science and Other Improbable Things# Lauren Ipsum
Learning OpenCV puts you in the middle of the rapidly expanding field of computer vision. Written by the creators of the free open source OpenCV library, this book introduces you to computer vision and demonstrates how you can quickly build applicati ...# 3629542919# http://s.it-ebooks-api.info/3/learning_opencv_2nd_edition_early_release.jpg# 9781449314651# Computer Vision in C++ with the OpenCV Library# Learning OpenCV, 2nd Edition
This book explains the concepts and techniques required to write programs that can handle large amounts of data efficiently. Project-oriented and classroom-tested, the book presents a number of important algorithms supported by examples that bring me ...# 2794547029# http://s.it-ebooks-api.info/16/data_structures_and_algorithms_with_python.jpg# 9783319130712# Undergraduate Topics in Computer Science# Data Structures and Algorithms with Python
Learn to set up, defend, and attack computer networks. This book focuses on networks and real attacks, offers extensive coverage of offensive and defensive techniques, and is supported by a rich collection of exercises and resources.

You'll learn ...# 170032280# http://s.it-ebooks-api.info/6/cyber_operations.jpg# 9781484204580# Building, Defending, and Attacking Modern Computer Networks# Cyber Operations
Join the next wave of Web 2.0 software development in the cloud! Cloud applications are the next big shift in application development: instead of building single-user applications to run on a personal computer, new applications are being built as mul ...# 3847998489# http://s.it-ebooks-api.info/1/code_in_the_cloud.jpg# 9781934356630# Programming Google AppEngine# Code in the Cloud
Are you a tester who spends more time manually creating complex test data than using it? A business analyst who seemingly went to college all those years so you can spend your days copying data from reports into spreadsheets? A programmer who can't f ...# 1088500844# http://s.it-ebooks-api.info/1/everyday_scripting_with_ruby.jpg# 9780977616619# for Teams, Testers, and You# Everyday Scripting with Ruby
Learn to build configuration file readers, data readers, model-driven code generators, source-to-source translators, source analyzers, and interpreters. You don't need a background in computer science - ANTLR creator Terence Parr demystifies language ...# 1975764280# http://s.it-ebooks-api.info/1/language_implementation_patterns.jpg# 9781934356456# Create Your Own Domain-Specific and General Programming Languages# Language Implementation Patterns
Pragmatic Project Automation shows you how to improve the consistency and repeatability of your project's procedures using automation to reduce risk and errors.

Simply put, we're going to put this thing called a computer to work for you doing the ...# 1951909906# http://s.it-ebooks-api.info/1/pragmatic_project_automation.jpg# 9780974514031# How to Build, Deploy, and Monitor Java Applications# Pragmatic Project Automation
This book puts you in charge of the most flexible and adaptable graphical interface in the computer industry. The X Window System underlies graphical desktops on Linux and Unix systems, and supports advanced features of modern graphics cards. This un ...# 1074560125# http://s.it-ebooks-api.info/3/x_power_tools.jpg# 9780596101954# # X Power Tools
In Beautiful Security, today's security experts offer a collection of essays that describe bold and extraordinary methods to secure computer systems in the face of ever-increasing threats. You'll learn how new and more aggressive security measures wo ...# 535718337# http://s.it-ebooks-api.info/3/beautiful_security.jpg# 9780596527488# Leading Security Experts Explain How They Think# Beautiful Security
If you want a book that lays out the steps for specific Linux networking tasks, one that clearly explains the commands and configurations, this is the book for you. Linux Networking Cookbook is a soup-to-nuts collection of recipes that covers everyth ...# 3254860467# http://s.it-ebooks-api.info/3/linux_networking_cookbook.jpg# 9780596102487# From Asterisk to Zebra with Easy-to-Use Recipes# Linux Networking Cookbook
Learn computer programming the easy way with Processing, a simple language that lets you use code to create drawings, animation, and interactive graphics. Programming courses usually start with theory, but this book lets you jump right into creative ...# 2195994224# http://s.it-ebooks-api.info/3/getting_started_with_processing.jpg# 9781449379803# A Quick, Hands-on Introduction# Getting Started with Processing
Written in clear, narrative style, Hackers & Painters examines issues such as the rightness of web-based applications, the programming language renaissance, spam filtering, the Open Source Movement, internet startups and more. In each essay, Graham m ...# 2708106541# http://s.it-ebooks-api.info/3/hackers__painters.jpg# 9780596006624# Big Ideas from the Computer Age# Hackers & Painters
Learning Cocoa with Objective-C is the &quot;must-have&quot; book for people who want to develop applications for Mac OS X, and is the only book approved and reviewed by Apple engineers. Based on the Jaguar release of Mac OS X 10.2, this edition of L ...# 1293394426# http://s.it-ebooks-api.info/3/learning_cocoa_with_objective-c_second_edition.jpg# 9780596003012# # Learning Cocoa with Objective-C, 2nd Edition
Device drivers literally drive everything you're interested in - disks, monitors, keyboards, modems - everything outside the computer chip and memory. And writing device drivers is one of the few areas of programming for the Linux operating system th ...# 1932191854# http://s.it-ebooks-api.info/3/linux_device_drivers_third_edition.jpg# 9780596005900# # Linux Device Drivers, 3rd Edition
Frustrated with networking books so chock-full of acronyms that your brain goes into sleep mode? Head First Networking's unique, visually rich format provides a task-based approach to computer networking that makes it easy to get your brain engaged. ...# 2171596529# http://s.it-ebooks-api.info/3/head_first_networking.jpg# 9780596521554# # Head First Networking
Looking for a reliable way to learn how to program on your own, without being overwhelmed by confusing concepts? Head First Programming introduces the core concepts of writing computer programs - variables, decisions, loops, functions, and objects - ...# 2235309861# http://s.it-ebooks-api.info/3/head_first_programming.jpg# 9780596802370# A learner's guide to programming using the Python language# Head First Programming
A modern computer system that's not part of a network is even more of an anomaly today than it was when we published the first edition of this book in 1991. But however widespread networks have become, managing a network and getting it to perform wel ...# 590529932# http://s.it-ebooks-api.info/3/managing_nfs_and_nis_2nd_edition.jpg# 9781565925106# # Managing NFS and NIS, 2nd Edition
Many programmers would love to use Perl for projects that involve heavy lifting, but miss the many traditional algorithms that textbooks teach for other languages. Computer scientists have identified many techniques that a wide range of programs need ...# 2907933368# http://s.it-ebooks-api.info/3/mastering_algorithms_with_perl.jpg# 9781565923980# # Mastering Algorithms with Perl
Yes, you can create your own apps for Android phones-and it's easy to do. This extraordinary book introduces App Inventor for Android, a powerful visual tool that lets anyone build apps for Android-based devices. Learn the basics of App Inventor with ...# 3898832192# http://s.it-ebooks-api.info/3/app_inventor.jpg# 9781449397487# # App Inventor
Want to build your own robots, turn your ideas into prototypes, control devices with a computer, or make your own cell phone applications? It's a snap with this book and the Arduino open source electronic prototyping platform. Get started with six fu ...# 4238333213# http://s.it-ebooks-api.info/3/make_arduino_bots_and_gadgets.jpg# 9781449389710# Six Embedded Projects with Open Source Hardware and Software# Make: Arduino Bots and Gadgets
How do the experts solve difficult problems in software development? In this unique and insightful book, leading computer scientists offer case studies that reveal how they found unusual, carefully designed solutions to high-profile projects. You wil ...# 3151215452# http://s.it-ebooks-api.info/3/beautiful_code.jpg# 9780596510046# Leading Programmers Explain How They Think# Beautiful Code
Ready to create rich interactive experiences with your artwork, designs, or prototypes? This is the ideal place to start. With this hands-on guide, you'll explore several themes in interactive art and design - including 3D graphics, sound, physical i ...# 2728655324# http://s.it-ebooks-api.info/3/programming_interactivity_2nd_edition.jpg# 9781449311445# A Designer's Guide to Processing, Arduino, and openFrameworks# Programming Interactivity, 2nd Edition
In Pro OpenGL ES for iOS, you'll find out how to harness the full power of OpenGL ES, and design your own 3D applications by building a fully-functional 3D solar system model using Open GL ES!

OpenGL has set the standard for 3D computer graphics, ...# 3091515880# http://s.it-ebooks-api.info/6/pro_opengl_es_for_ios.jpg# 9781430238409# # Pro OpenGL ES for IOS
If your household harbors more than one computer, you've probably wondered about home networking. Maybe you've gone so far as to start setting up a network and given up in frustration. Well, now you can relax. Home Networking All-In-One Desk Referenc ...# 1813348023# http://s.it-ebooks-api.info/9/home_networking_all-in-one_desk_reference_for_dummies.jpg# 9780470275191# # Home Networking All-in-One Desk Reference For Dummies
Learn the guidelines of integrating Java with native Mac OS X applications with this Devloper Reference book.

Java is used to create nearly every type of application that exists and is one of the most required skills of employers seeking computer ...# 952188491# http://s.it-ebooks-api.info/9/java_and_mac_os_x.jpg# 9780470525111# # Java and Mac OS X
A unified treatment of the vulnerabilities that exist in real-world network systems-with tools to identify synergies for mergers and acquisitions

Fragile Networks: Identifying Vulnerabilities and Synergies in an Uncertain World presents a comprehe ...# 1616628789# http://s.it-ebooks-api.info/9/fragile_networks.jpg# 9780470444962# Identifying Vulnerabilities and Synergies in an Uncertain World# Fragile networks
Beginning Kinect Programming with the Microsoft Kinect SDK gets you up and running developing Kinect applications for your PC using Microsoft tools and the official SDK. You will have a working Kinect program by the end of the first chapter! The foll ...# 1545887090# http://s.it-ebooks-api.info/6/beginning_kinect_programming_with_the_microsoft_kinect_sdk.jpg# 9781430241041# # Beginning Kinect Programming with the Microsoft Kinect SDK
As Ruby pro David Copeland explains, writing a command-line application that is self-documenting, robust, adaptable and forever useful is easier than you might think. Ruby is particularly suited to this task, since it combines high-level abstractions ...# 525192438# http://s.it-ebooks-api.info/1/build_awesome_command-line_applications_in_ruby.jpg# 9781934356913# Control Your Computer, Simplify Your Life# Build Awesome Command-Line Applications in Ruby
Open locked doors using your smartphone. Assemble a bird feeder that posts Twitter tweets to tell you when the birds are feeding or when bird seed runs low. Have your home speak to you when you receive email, notify you when visitors arrive, and more ...# 956576469# http://s.it-ebooks-api.info/1/programming_your_home.jpg# 9781934356906# Automate with Arduino, Android, and Your Computer# Programming Your Home
Good software design is simple and easy to understand. Unfortunately, the average computer program today is so complex that no one could possibly comprehend how all the code works. This concise guide helps you understand the fundamentals of good desi ...# 2447621385# http://s.it-ebooks-api.info/3/code_simplicity.jpg# 9781449313890# The Fundamentals of Software# Code Simplicity
JavaScript is the ubiquitous programming language of the Web, and for more than 15 years, JavaScript: The Definitive Guide has been the bible of JavaScript programmers around the world. This book is an all-new excerpt of The Definitive Guide, collect ...# 1167752896# http://s.it-ebooks-api.info/3/javascript_pocket_reference_3rd_edition.jpg# 9781449316853# Activate Your Web Pages# JavaScript Pocket Reference, 3rd Edition
Graphic Shaders are used throughout the game and movie industry to improve onscreen graphics. They are versatile, doing important tasks like making computer rendered aliens look realistic, providing the ripples on a background lake or growing fur on ...# 1528464523# http://s.it-ebooks-api.info/3/hlsl_and_pixel_shaders_for_xaml_developers.jpg# 9781449319847# A comprehensive guide to creating HLSL pixel shaders for WPF and Silverlight applications# HLSL and Pixel Shaders for XAML Developers
Whether you want to prepare your computer for Windows 7, avoid investing in a new one, or just &quot;go green&quot;, this fully illustrated guide has what you need. You'll learn how to add printers and new keyboards, boost your PC's performance and i ...# 3135498003# http://s.it-ebooks-api.info/9/upgrading_and_fixing_computers_do-it-yourself_for_dummies.jpg# 9780470557433# # Upgrading and Fixing Computers Do-it-Yourself For Dummies
If you're eager to discover how to take advantage of the exciting possibilities that an iMac offers, then this is the book for you. From its speed, high performance, powerful operating system, and amazing applications, the iMac is an impeccable choic ...# 1850199500# http://s.it-ebooks-api.info/9/imac_for_dummies_6th_edition.jpg# 9780470607374# # iMac For Dummies, 6th Edition
Ready to learn Kinect programming? Start Here!

Learn the fundamentals of programming with the Kinect API - and begin building apps that use motion tracking, voice recognition, and more. If you have experience programming with C# - simply start her ...# 464541537# http://s.it-ebooks-api.info/8/start_here_learn_the_kinect_api.jpg# 9780735663961# # Start Here! Learn the Kinect API
If you want to learn how to program, working with Python is an excellent way to start. This hands-on guide takes you through the language one step at a time, beginning with basic programming concepts before moving on to functions, recursion, data str ...# 1395697506# http://s.it-ebooks-api.info/3/think_python.jpg# 9781449330729# How to Think Like a Computer Scientist# Think Python
Be amazed at all the ways Google's at your service! Here's how to find your way through all the information Google offers

More than a search engine, Google has become a lifestyle. This book introduces you to the rest of the Google family - valuabl ...# 2324800506# http://s.it-ebooks-api.info/9/google_search__rescue_for_dummies.jpg# 9780764599309# # Google Search & Rescue For Dummies
Experience learning made easy - and quickly teach yourself how to use Windows 8. With Step by Step, you set the pace - building and practicing the skills you need, just when you need them! Set up a home network, browse the web, and use your email; Us ...# 3635907812# http://s.it-ebooks-api.info/8/windows_8_step_by_step.jpg# 9780735664029# Build exactly the skills you need. Learn at the pace you want.# Windows 8 Step by Step
The 3rd edition of Build Your Own Website the Right Way Using HTML &amp; CSS is the perfect companion to help you accomplish this goal.

All you need is a computer with an internet connection and by the end of the book, you'll know how to build the ...# 833889067# http://s.it-ebooks-api.info/7/build_your_own_website_the_right_way_using_html__css_3rd_edition.jpg# 9780987090850# # Build Your Own Website The Right Way Using HTML & CSS, 3rd Edition
With the iOS 6 software and the new iPhone 5, Apple has two world-class hits on its hands. This sleek, highly refined pocket computer comes with everything - cellphone, iPod, Internet, camcorder - except a printed manual. Fortunately, David Pogue is ...# 652347922# http://s.it-ebooks-api.info/3/iphone_the_missing_manual_6th_edition.jpg# 9781449316488# # iPhone: The Missing Manual, 6th Edition
Modeling the Internet and the Web covers the most important aspects of modeling the Web using a modern mathematical and probabilistic treatment. It focuses on the information and application layers, as well as some of the emerging properties of the I ...# 3221378957# http://s.it-ebooks-api.info/9/modeling_the_internet_and_the_web.jpg# 9780470849064# Probabilistic Methods and Algorithms# Modeling the Internet and the Web
Create your own electronic devices with the popular IOIO (&quot;yoyo&quot;) board, and control them with your Android phone or tablet. With this concise guide, you'll get started by building four example projects - after that, the possibilities for m ...# 285898150# http://s.it-ebooks-api.info/3/making_android_accessories_with_ioio.jpg# 9781449323288# Going Mobile with Sensors, Lights, Motors, and Robots# Making Android Accessories with IOIO
Accelerate your XNA learning with a myriad of tips and tricks to solve your everyday problems. Get to grips with adding special effects, virtual atmospheres and computer controlled characters with this book. A fast-paced cookbook packed with screensh ...# 2528962024# http://s.it-ebooks-api.info/14/microsoft_xna_4.0_game_development_cookbook.jpg# 9781849691987# # Microsoft XNA 4.0 Game Development Cookbook
The best selling 'Algorithmics' presents the most important, concepts, methods and results that are fundamental to the science of computing. It starts by introducing the basic ideas of algorithms, including their structures and methods of data manipu ...# 2402708715# http://s.it-ebooks-api.info/10/algorithmics_3rd_edition.jpg# 9780321117847# The Spirit of Computing# Algorithmics, 3rd Edition
Augmented reality (AR) offers a live direct or indirect view of a physical, real-world environment, where the elements and surroundings are augmented by computer-generated sensory input such as graphics and GPS data. It makes a game more real. Your s ...# 3913501891# http://s.it-ebooks-api.info/6/pro_android_augmented_reality.jpg# 9781430239451# # Pro Android Augmented Reality
In Pro OpenGL ES for Android, you'll find out how to harness the full power of OpenGL ES, and design your own 3D applications by building a fully-functional 3D solar system model using Open GL ES!

OpenGL has set the standard for 3D computer graphi ...# 1004406054# http://s.it-ebooks-api.info/6/pro_opengl_es_for_android.jpg# 9781430240020# # Pro OpenGL ES for Android
Grasp the basic concepts that drive all Microsoft .NET-based languages - and prepare yourself to learn .NET programming. If you have absolutely no previous experience, no problem - simply start here! This ebook provides the foundation for all other . ...# 3449573311# http://s.it-ebooks-api.info/8/start_here_fundamentals_of_microsoft_.net_programming.jpg# 9780735661684# # Start Here! Fundamentals of Microsoft .NET Programming
AutoCAD 2007 is a premiere computer-aided designing program that lets you organize the objects you draw, their properties, and their files. It also helps you create great-looking models. But it's not always easy to figure out how to perform these fun ...# 863783377# http://s.it-ebooks-api.info/9/autocad_2007_for_dummies.jpg# 9780471786498# # AutoCAD 2007 For Dummies
Computer-based systems known as decision support systems (DSS) play a vital role in helping professionals across various fields of practice understand what information is needed, when it is needed, and in what form in order to make smart and valuable ...# 3042599570# http://s.it-ebooks-api.info/9/decision_support_systems_for_business_intelligence_2nd_edition.jpg# 9780470433744# # Decision Support Systems for Business Intelligence, 2nd Edition
Password sniffing, spoofing, buffer overflows, and denial of service: these are only a few of the attacks on today's computer systems and networks. At the root of this epidemic is poorly written, poorly tested, and insecure code that puts everyone at ...# 234669410# http://s.it-ebooks-api.info/3/secure_programming_cookbook_for_c_and_c.jpg# 9780596003944# Recipes for Cryptography, Authentication, Input Validation & More# Secure Programming Cookbook for C and C++
Teach yourself how to use the networking features in Windows 7 to connect your home computers, even if they use different operating systems. With Step by Step, you set the pace - building and practicing the skills you need, just when you need them! ...# 1624820828# http://s.it-ebooks-api.info/8/network_your_computers__devices_step_by_step.jpg# 9780735652163# Build exactly the skills you need. Learn at the pace you want.# Network Your Computers & Devices Step by Step
In order to increase overall system performance, computer manufacturers have opted to add more processors rather than increase clock frequency. In turn, if you want an application to benefit from the next new processor, that application will have to ...# 1600231770# http://s.it-ebooks-api.info/2/professional_multicore_programming.jpg# 9780470289624# Design and Implementation for C++ Developers# Professional Multicore Programming
Python: Create-Modify-Reuse is designed for all levels of Python developers interested in a practical, hands-on way of learning Python development. This book is designed to show you how to use Python (in combination with the raw processing power of y ...# 427609632# http://s.it-ebooks-api.info/2/python.jpg# 9780470259320# Create - Modify - Reuse# Python
Secure your computer network with SSH! With transparent, strong encryption, reliable public-key authentication, and a highly configurable client/server architecture, SSH (Secure Shell) is a popular, robust, TCP/IP-based solution to many network secur ...# 1168573250# http://s.it-ebooks-api.info/3/ssh_the_secure_shell.jpg# 9780596000110# The Definitive Guide# SSH, The Secure Shell
Microsoft's Windows Presentation Foundation (WPF) provides you with a development framework for building high-quality user experiences for the Windows operating system. It blends together rich content from a wide range of sources and allows you unpar ...# 2732231095# http://s.it-ebooks-api.info/6/pro_wpf_4.5_in_c_4th_edition.jpg# 9781430243656# Windows Presentation Foundation in .NET 4.5# Pro WPF 4.5 in C#, 4th Edition
Microsoft's Windows Presentation Foundation (WPF) provides you with a development framework for building high-quality user experiences for the Windows operating system. It blends together rich content from a wide range of sources and allows you unpar ...# 734348145# http://s.it-ebooks-api.info/6/pro_wpf_4.5_in_vb.jpg# 9781430246831# Windows Presentation Foundation in .NET 4.5# Pro WPF 4.5 in VB
You will learn, with non-technical language used throughout, how to get up and running in the new Windows interface, minimize downtime, maximize productivity, and harness the features you never knew existed to take control of your computer and enjoy ...# 2809277767# http://s.it-ebooks-api.info/6/beginning_windows_8.jpg# 9781430244318# # Beginning Windows 8
You took a while, but you are now the proud owner of your first Mac computer. Macs For Seniors For Dummies is just for you. This friendly, accessible guide walks you through choosing a Mac and learning how to use it. You'll find yourself falling head ...# 1620630# http://s.it-ebooks-api.info/9/macs_for_seniors_for_dummies_2nd_edition.jpg# 9781118196847# # Macs For Seniors For Dummies, 2nd Edition
openSUSE Linux Unleashed presents comprehensive coverage of the community version of SUSE Linux, one of the most popular and most complete Linux distributions in the world.

This book provides detailed information on installing, using, and administ ...# 223844502# http://s.it-ebooks-api.info/12/opensuse_linux_unleashed.jpg# 9780672329456# # openSUSE Linux Unleashed
Assembly is a low-level programming language that's one step above a computer's native machine language. Although assembly language is commonly used for writing device drivers, emulators, and video games, many programmers find its somewhat unfriendly ...# 2541357209# http://s.it-ebooks-api.info/15/the_art_of_assembly_language_2nd_edition.jpg# 9781593272074# # The Art of Assembly Language, 2nd Edition
Software Performance and Scalability gives you a specialized skill set that will enable you to design and build performance into your products with immediate, measurable improvements. Complemented with real-world case studies, it is an indispensable ...# 3159387657# http://s.it-ebooks-api.info/9/software_performance_and_scalability.jpg# 9780470462539# A Quantitative Approach# Software Performance and Scalability
Businesses today want actionable insights into their data - they want their data to reveal itself to them in a natural and user-friendly form. What could be more natural than human language? Natural-language search is at the center of a storm of ever ...# 239571906# http://s.it-ebooks-api.info/6/pro_full-text_search_in_sql_server_2008.jpg# 9781430215943# # Pro Full-Text Search in SQL Server 2008
The rapid maturation of PHP has created a skeptical population of users from more traditional &quot;enterprise&quot; languages who question the readiness and ability of PHP to scale, as well as a large population of PHP developers without formal comp ...# 895113634# http://s.it-ebooks-api.info/12/advanced_php_programming.jpg# 9780672325618# # Advanced PHP Programming
Python Algorithms explains the Python approach to algorithm analysis and design. Written by Magnus Lie Hetland, author of Beginning Python, this book is sharply focused on classical algorithms, but it also gives a solid understanding of fundamental a ...# 4117080605# http://s.it-ebooks-api.info/6/python_algorithms.jpg# 9781430232377# Mastering Basic Algorithms in the Python Language# Python Algorithms
Natural Language Processing is used everywhere - in search engines, spell checkers, mobile phones, computer games - even your washing machine. Python's Natural Language Toolkit (NLTK) suite of libraries has rapidly emerged as one of the most efficien ...# 3652408011# http://s.it-ebooks-api.info/14/python_text_processing_with_nltk_2.0_cookbook.jpg# 9781849513609# Use Python's NLTK suite of libraries to maximize your Natural Language Processing capabilities# Python Text Processing with NLTK 2.0 Cookbook
Create your own innovative applications in computer vision, game design, music, robotics, and other areas by taking full advantage of Kinect's extensive interactive, multi-media platform. With this book, you get a step-by-step walkthrough of the best ...# 3118111953# http://s.it-ebooks-api.info/3/kinect_hacks.jpg# 9781449315207# Tips & Tools for Motion and Pattern Detection# Kinect Hacks
With scores of step-by-step solutions, this cookbook helps you work with VMware ESXi in a wide range of network environments. You'll not only learn the basics - how to pool resources from hardware servers, computer clusters, networks, and storage, an ...# 1186450713# http://s.it-ebooks-api.info/3/vmware_cookbook_2nd_edition.jpg# 9781449314477# A Real-World Guide to Effective VMware Use# VMware Cookbook, 2nd Edition
Focusing on Windows XP functionality, this Bible is value-packed and covers the basics (e.g., navigating a computer) as well as how to use the most popular Internet features; customize the work environment; maintain and tweak the system; use general ...# 3203577738# http://s.it-ebooks-api.info/9/windows_xp_bible_desktop_edition.jpg# 9780764557224# # Windows XP Bible, Desktop Edition
You've experienced the shiny, point-and-click surface of your Linux computer - now dive below and explore its depths with the power of the command line.

The Linux Command Line takes you from your very first terminal keystrokes to writing full prog ...# 1557886411# http://s.it-ebooks-api.info/15/the_linux_command_line.jpg# 9781593273897# A Complete Introduction# The Linux Command Line
This book focuses on the three components of a Perceptual Computer - encoder, CWW engines, and decoder - and then provides detailed applications for each. It uses interval type-2 fuzzy sets (IT2 FSs) and fuzzy logic as the mathematical vehicle for pe ...# 1560330262# http://s.it-ebooks-api.info/9/perceptual_computing.jpg# 9780470478769# Aiding People in Making Subjective Judgments# Perceptual Computing
Now you can build your own games for your Xbox 360, Windows Phone 7, or Windows-based PC - as you learn the underlying concepts for computer programming. Use this hands-on guide to dive straight into your first project - adding new tools and tricks t ...# 1121394655# http://s.it-ebooks-api.info/8/microsoft_xna_game_studio_4.0_learn_programming_now.jpg# 9780735651579# How to program for Windows Phone 7, Xbox 360, Zune devices, and more# Microsoft XNA Game Studio 4.0: Learn Programming Now!
Whether you are one of the millions who already have an Android tablet, or you are interested in joining the masses with a first-time purchase, this friendly guide is perfect for you! Written by the ultimate For Dummies author Dan Gookin, this funny- ...# 1467230943# http://s.it-ebooks-api.info/9/android_tablets_for_dummies.jpg# 9781118543191# # Android Tablets For Dummies
Today's OpenGL software interface enables programmers to produce extraordinarily high-quality computer-generated images and interactive applications using 2D and 3D objects, color images, and programmable shaders.

OpenGL Programming Guide: The Off ...# 219777164# http://s.it-ebooks-api.info/10/opengl_programming_guide_8th_edition.jpg# 9780321773036# The Official Guide to Learning OpenGL, Version 4.3# OpenGL Programming Guide, 8th Edition
packetC speeds the development of applications that live within computer networks, the kind of programs that provide network functionality for connecting &quot;clients&quot; and &quot;servers&quot; and &quot;clouds&quot;. The simplest examples provid ...# 1379768682# http://s.it-ebooks-api.info/6/packetc_programming.jpg# 9781430241584# # packetC Programming
Windows 7 is more than an operating system. It's your gateway to email, the Web, work, entertainment, and fun. The latest Windows makes your computer more fun, easy, and powerful to use than ever before.

This book is for anyone who wants to get th ...# 672929469# http://s.it-ebooks-api.info/6/windows_7_made_simple.jpg# 9781430236504# # Windows 7 Made Simple
Any well-conceived print or Web design features the dynamic interplay between visual artistry and technical skill. It becomes important, therefore, for the designer to cultivate an aesthetic eye as well as develop a high degree of computer savvy. ...# 2580493749# http://s.it-ebooks-api.info/9/digital_design_for_print_and_web.jpg# 9780470398364# An Introduction to Theory, Principles, and Techniques# Digital Design for Print and Web
The world's love of the iPhone only continues to grow by leaps and bounds. Darren Murph, managing editor of Engadget and a Guinness World Record holder as the most prolific blogger, explores every amazing capability of the iPhone and shows you how to ...# 1974349484# http://s.it-ebooks-api.info/9/iphone_secrets.jpg# 9781118339039# # iPhone Secrets
It's a critical lesson that today's computer science students aren't always being taught: How to carefully choose their high-level language statements to produce efficient code. Write Great Code, Volume 2: Thinking Low-Level, Writing High-Level shows ...# 26388023# http://s.it-ebooks-api.info/15/write_great_code_volume_2.jpg# 9781593270650# Thinking Low-Level, Writing High-Level# Write Great Code, Volume 2
Scratch is the wildly popular educational programming language used by millions of first-time learners in classrooms, libraries, and homes worldwide. By dragging together colorful blocks of code, kids quickly learn computer programming concepts and m ...# 1281691039# http://s.it-ebooks-api.info/15/super_scratch_programming_adventure.jpg# 9781593274092# Learn to Program By Making Cool Games# Super Scratch Programming Adventure!
OS X is a lot more than just a pretty face. Sure, the basics are easy, but beneath that gorgeous surface lie countless powerful features.

If you want to go beyond the basics, Master Your Mac will take you there. With tips on everything from organi ...# 3842912433# http://s.it-ebooks-api.info/15/master_your_mac.jpg# 9781593274061# Simple Ways to Tweak, Customize, and Secure OS X# Master Your Mac
OpenGL SuperBible, 5th Edition is the definitive programmer's guide, tutorial, and reference for the world's leading 3D API for real-time computer graphics, OpenGL 3.3. The best all-around introduction to OpenGL for developers at all levels of experi ...# 1428074031# http://s.it-ebooks-api.info/10/opengl_superbible_5th_edition.jpg# 9780321712615# Comprehensive Tutorial and Reference# OpenGL SuperBible, 5th Edition
Processing: Creative Coding and Generative Art in Processing 2 is a fun and creative approach to learning programming. Using the easy to learn Processing programming language, you will quickly learn how to draw with code, and from there move to anima ...# 1258421645# http://s.it-ebooks-api.info/6/processing_2nd_edition.jpg# 9781430244646# Creative Coding and Generative Art in Processing 2# Processing, 2nd Edition
Learn the latest techniques in programming sophisticated simulation systems.

This cutting-edge text presents the latest techniques in advanced simulation programming for interactive modeling and simulation of dynamic systems, such as aerospace veh ...# 92143040# http://s.it-ebooks-api.info/9/advanced_dynamic-system_simulation.jpg# 9780470081884# Model-replication Techniques and Monte Carlo Simulation# Advanced Dynamic-system Simulation
If you're an IT professional, you know that virtualization is essential in today's computer infrastructures. This valuable reference is your key to all things Microsoft virtualization. Written by a Microsoft Most Valuable Professional (MVP), it break ...# 2371192997# http://s.it-ebooks-api.info/9/microsoft_virtualization_secrets.jpg# 9781118293164# # Microsoft Virtualization Secrets
Virtual reality has quite a lot of demand in computer science today and OpenSceneGraph, being one of the best 3D graphics toolkits, is being used widely. Although you can use the powerful OpenSceneGraph, based on the low-level OpenGL API, to implemen ...# 2083624255# http://s.it-ebooks-api.info/14/openscenegraph_3.0.jpg# 9781849512824# Create high-performance virtual reality applications with OpenSceneGraph, one of the best 3D graphics engines# OpenSceneGraph 3.0
In just 21 days, you can acquire the knowledge and skills necessary to develop three kinds of programs with Java: applications on your computer, servlets on a web server, and browser-launched Java Web Start applications.

No previous programming ex ...# 2856361840# http://s.it-ebooks-api.info/12/sams_teach_yourself_java_6_in_21_days_5th_edition.jpg# 9780672329432# # Sams Teach Yourself Java 6 in 21 Days, 5th Edition
There is a software gap between the hardware potential and the performance that can be attained using today's software parallel program development tools. The tools need manual intervention by the programmer to parallelize the code. Programming a par ...# 676339577# http://s.it-ebooks-api.info/9/algorithms_and_parallel_computing.jpg# 9780470902103# # Algorithms and Parallel Computing
The text is for instructors who want to use MATLAB to teach introductory programming concepts. Since many students struggle with applying the concepts that underlie good programming practice,  Learning to Program with MATLAB: Building GUI Tools was d ...# 3116174917# http://s.it-ebooks-api.info/9/learning_to_program_with_matlab.jpg# 9780470936443# Building GUI Tools# Learning to Program with MATLAB
Describing the use of displays in microcontroller based projects, the author makes extensive use of real-world, tested projects. The complete details of each project are given, including the full circuit diagram and source code. The author explains h ...# 3403611839# http://s.it-ebooks-api.info/9/using_leds_lcds_and_glcds_in_microcontroller_projects.jpg# 9781119940708# # Using LEDs, LCDs and GLCDs in Microcontroller Projects
Visual Basic.NET (VB.NET) is an object-oriented computer programming language that can be viewed as an evolution of the classic Visual Basic (VB), which is implemented on the .NET Framework. Microsoft currently supplies two major implementations of V ...# 1408731924# http://s.it-ebooks-api.info/9/practical_database_programming_with_visual_basic.net_2nd_edition.jpg# 9781118162057# # Practical Database Programming with Visual Basic.NET, 2nd Edition
Finally, you can learn computation theory and programming language design in an engaging, practical way. Understanding Computation explains theoretical computer science in a context you'll recognize, helping you appreciate why these ideas matter and ...# 238447943# http://s.it-ebooks-api.info/3/understanding_computation.jpg# 9781449329273# From Simple Machines to Impossible Programs# Understanding Computation
There are many more people who want to study programming other than aspiring computer scientists with a passing grade in advanced calculus. This guide appeals to your intelligence and ability to solve practical problems, while gently teaching the mos ...# 3871377371# http://s.it-ebooks-api.info/6/python_3_for_absolute_beginners.jpg# 9781430216322# # Python 3 for Absolute Beginners
John Walkenbach's name is synonymous with excellence in computer books that decipher the complexities of Microsoft Excel. Known as &quot;Mr. Spreadsheet,&quot; Walkenbach shows you how to maximize the power of Excel 2013 while bringing you up to spee ...# 2144740147# http://s.it-ebooks-api.info/9/excel_2013_bible.jpg# 9781118490365# The Comprehensive Tutorial Resource# Excel 2013 Bible
Xen is an open source virtualization technology that allows multiple operating systems to run on a single physical computer system, providing cost savings and increased efficiency. This book presents you with a complete foundation on this exciting te ...# 3871476815# http://s.it-ebooks-api.info/2/professional_xen_virtualization.jpg# 9780470289181# # Professional Xen Virtualization
For system administrators, network engineers, and security analysts, it is essential to keep a track of network traffic. At some point it will be necessary to read the network traffic directly instead of monitoring application level details. Network ...# 3894519100# http://s.it-ebooks-api.info/14/zenoss_core_network_and_system_monitoring.jpg# 9781847194282# A step-by-step guide to configuring, using, and adapting the free open-source network monitoring system# Zenoss Core Network and System Monitoring
When Windows works properly, it's relatively easy to ignore; you can concentrate on the work you're trying to do and forget about the plumbing inside your computer. But when something goes wrong, it often requires an experienced guide to solve the pr ...# 372209265# http://s.it-ebooks-api.info/15/its_never_done_that_before.jpg# 9781593270766# A Guide to Toubleshooting Windows XP# It's Never Done That Before!
The model-based investigation of motions of anthropomorphic systems is an important interdisciplinary research topic involving specialists from many fields such as Robotics, Biomechanics, Physiology, Orthopedics, Psychology, Neurosciences, Sports, Co ...# 3355802469# http://s.it-ebooks-api.info/16/modeling_simulation_and_optimization_of_bipedal_walking.jpg# 9783642363689# # Modeling, Simulation and Optimization of Bipedal Walking
When encountering difficult concepts in computer programming for the first time, many students struggle to find simple explanations in their textbooks. Information can also be hard to find on common mistakes made when implementing algorithms and writ ...# 638211375# http://s.it-ebooks-api.info/16/guide_to_programming_and_algorithms_using_r.jpg# 9781447153276# # Guide to Programming and Algorithms Using R
Combinatorial optimization is a multidisciplinary scientific area, lying in the interface of three major scientific domains: mathematics, theoretical computer science and management.

The three volumes of the Combinatorial Optimization series aims ...# 744505309# http://s.it-ebooks-api.info/9/concepts_of_combinatorial_optimization_volume_1.jpg# 9781848211476# # Concepts of Combinatorial Optimization, Volume 1
From power plants to medicine to avionics, the world increasingly depends on computer systems that can compute and respond to various excitations in real time. The Fourth Edition of Real-Time Systems Design and Analysis gives software designers the k ...# 1426958214# http://s.it-ebooks-api.info/9/real-time_systems_design_and_analysis_4th_edition.jpg# 9780470768648# Tools for the Practitioner# Real-Time Systems Design and Analysis, 4th Edition
Scheduling is a broad research area and scheduling problems arise from several application domains (production systems, logistic, computer science, etc.). Solving scheduling problems requires tools of combinatorial optimization, exact or approximated ...# 2977530839# http://s.it-ebooks-api.info/9/flexibility_and_robustness_in_scheduling.jpg# 9781848210547# # Flexibility and Robustness in Scheduling
Why do Roman numerals persist? How do we know that some infinities are larger than others? And how can we know for certain a program will ever finish? In this fast-paced tour of modern and not-so-modern math, computer scientist Mark Chu-Carroll explo ...# 1376043416# http://s.it-ebooks-api.info/1/good_math.jpg# 9781937785338# A Geek's Guide to the Beauty of Numbers, Logic, and Computation# Good Math
This book provides a comprehensive guide to the design of sustainable and green computing systems (GSC). Coverage includes important breakthroughs in various aspects of GSC, including multi-core architectures, interconnection technology, data centers ...# 2132597391# http://s.it-ebooks-api.info/16/design_technologies_for_green_and_sustainable_computing_systems.jpg# 9781461449744# # Design Technologies for Green and Sustainable Computing Systems
The field of network programming is so large, and developing so rapidly, that it can appear almost overwhelming to those new to the discipline.

Answering the need for an accessible overview of the field, this text/reference presents a manageable i ...# 3869328628# http://s.it-ebooks-api.info/16/advanced_network_programming_-_principles_and_techniques.jpg# 9781447152910# Network Application Programming with Java# Advanced Network Programming - Principles and Techniques
This book outlines everything people need to make the move from a dial-up connection to an always-on DSL or cable Internet connection that is up to forty times faster than a standard modem connection. Nielsen estimated there were thirty-nine million ...# 89473707# http://s.it-ebooks-api.info/9/broadband_bible_desktop_edition.jpg# 9780764569517# # Broadband Bible, Desktop Edition
MATLAB: An Introduction with Applications is used by more college students than any other MATLAB text or reference. This concise book is known for its just-in-time learning approach, giving students the information when they need it. The new edition ...# 832854445# http://s.it-ebooks-api.info/9/matlab_4th_edition.jpg# 9781118136621# An Introduction with Applications# MATLAB, 4th Edition
Tired of being tethered to your desktop computer? If you're ready to break free with a laptop, the new MacBook could be just what you're looking for.

Whether you already have your new MacBook or are still weighing the pros and cons of various mode ...# 2199981487# http://s.it-ebooks-api.info/9/macbook_for_dummies.jpg# 9780470085141# # MacBook For Dummies
Good computer books make assumptions about the reader: what they do and don't know when they pick up the book, and what they want to know when they put it down. For each reader this could be very different; therefore, a book that suits one person may ...# 718197988# http://s.it-ebooks-api.info/6/mac_os_x_leopard.jpg# 9781590598375# Beyond the Manual# Mac OS X Leopard
This book presents 5 tutorial lectures by leading researchers given at the ICTAC 2013 Software Engineering School on Unifying Theories of Programming and Formal Engineering Methods, held in Shanghai, China in August 2013.The lectures are aimed at pos ...# 2577263671# http://s.it-ebooks-api.info/16/unifying_theories_of_programming_and_formal_engineering_methods.jpg# 9783642397202# International Training School on Software Engineering, Held at ICTAC# Unifying Theories of Programming and Formal Engineering Methods
This volume provides approaches and solutions to challenges occurring at the interface of research fields such as, e.g., data analysis, data mining and knowledge discovery, computer science, operations research, and statistics. In addition to theory- ...# 2226899774# http://s.it-ebooks-api.info/16/algorithms_from_and_for_nature_and_life.jpg# 9783319000343# Classification and Data Analysis# Algorithms from and for Nature and Life
With the proliferation of huge amounts of (heterogeneous) data on the Web, the importance of information retrieval (IR) has grown considerably over the last few years. Big players in the computer industry, such as Google, Microsoft and Yahoo!, are th ...# 3225098581# http://s.it-ebooks-api.info/16/web_information_retrieval.jpg# 9783642393136# # Web Information Retrieval
This book introduces Local Binary Patterns (LBP), arguably one of the most powerful texture descriptors, and LBP variants. This volume provides the latest reviews of the literature and a presentation of some of the best LBP variants by researchers at ...# 675215714# http://s.it-ebooks-api.info/16/local_binary_patterns.jpg# 9783642392887# New Variants and Applications# Local Binary Patterns
Masterminds of Programming features exclusive interviews with the creators of several historic and highly influential programming languages. In this unique collection, you'll learn about the processes that led to specific design decisions, including ...# 727683202# http://s.it-ebooks-api.info/3/masterminds_of_programming.jpg# 9780596515171# Conversations with the Creators of Major Programming Languages# Masterminds of Programming
The Basics of Computer Arithmetic Made Enjoyable and Accessible-with a Special Program Included for Hands-on Learning.

Packed with nuggets of information and tidbits of trivia, How Computers Do Math provides an incredibly fun and interesting intro ...# 2587613582# http://s.it-ebooks-api.info/9/the_definitive_guide_to_how_computers_do_math.jpg# 9780471732785# Featuring the Virtual DIY Calculator# The Definitive Guide to How Computers Do Math
Building on the success of the first edition Digital Speech offers extensive new, updated and revised material based upon the latest research. This Second Edition continues to provide the fundamental technical background required for low bit rate spe ...# 4046110787# http://s.it-ebooks-api.info/9/digital_speech_2nd_edition.jpg# 9780470870075# Coding for Low Bit Rate Communication Systems# Digital Speech, 2nd Edition
The Affective Computing domain, term coined by Rosalind Picard in 1997, gathers several scientific areas such as computer science, cognitive science, psychology, design and art. The humane-machine interaction systems are no longer solely fast and eff ...# 3442013122# http://s.it-ebooks-api.info/9/emotion-oriented_systems.jpg# 9781848212589# # Emotion-Oriented Systems
The shell remains one of the most powerful tools on a computer system - yet a large number of users are unaware of how much one can accomplish with it. Using a combination of simple commands, we will see how to solve complex problems in day to day co ...# 4271393080# http://s.it-ebooks-api.info/14/linux_shell_scripting_cookbook_2nd_edition.jpg# 9781782162742# Over 110 practical recipes to solve real-world shell problems, guaranteed to make you wonder how you ever lived without them# Linux Shell Scripting Cookbook, 2nd Edition
Are you fascinated by the look and design of Web pages? Do you wish that you had the knowledge and skills to create a great looking Web site? Whether you're an up-and-coming Web designer or just an enthusiastic hobbyist, you are probably using HTML, ...# 3446042541# http://s.it-ebooks-api.info/9/html_4_for_dummies_5th_edition.jpg# 9780764589171# # HTML 4 For Dummies, 5th Edition
The Internet is going mobile. Desktop computer sales keep falling as the mobile device marketplace burgeons. Web development methods are rapidly changing to adapt to this new trend. HTML5 and CSS3 Responsive Web Design Cookbook, for all of today's wi ...# 1798383391# http://s.it-ebooks-api.info/14/html5_and_css3_responsive_web_design_cookbook.jpg# 9781849695442# Learn the secrets of developing responsive websites capable of interfacing with today's mobile Internet devices# HTML5 and CSS3 Responsive Web Design Cookbook
Chris Date, one of the founders of the relational model, has updated and expanded his relational database dictionary to include more than 900 terms.

Over 900 relational database terms defined; Precise and concise definitions, unlike those found on ...# 1826464705# http://s.it-ebooks-api.info/6/the_relational_database_dictionary_extended_edition.jpg# 9781430210412# # The Relational Database Dictionary, Extended Edition
Processing makes it convenient for developers, artists, and designers to create their own projects easily and efficiently. Processing offers you a platform for expressing your ideas and engaging audiences in new ways. This book teaches you everything ...# 2636447519# http://s.it-ebooks-api.info/14/processing_2_creative_coding_hotshot.jpg# 9781782166726# Learn Processing with exciting and engaging projects to make your computer talk, see, hear, express emotions, and even design physical objects# Processing 2: Creative Coding Hotshot
How can you take advantage of feedback control for enterprise programming? With this book, author Philipp K. Janert demonstrates how the same principles that govern cruise control in your car also apply to data center management and other enterprise ...# 3490387212# http://s.it-ebooks-api.info/3/feedback_control_for_computer_systems.jpg# 9781449361693# Introducing Control Theory to Enterprise Programmers# Feedback Control for Computer Systems
Build Your Own Website The Right Way Using HTML &amp; CSS, 2nd Edition teaches web development from scratch, without assuming any previous knowledge of HTML, CSS or web development techniques. This book introduces you to HTML and CSS as you follow al ...# 780905187# http://s.it-ebooks-api.info/7/build_your_own_web_site_2nd_edition.jpg# 9780980455274# The Right Way Using HTML & CSS# Build Your Own Web Site, 2nd Edition
Many people think of Linux as a computer operating system, running on users' desktops and powering servers. But Linux can also be found inside many consumer electronics devices. Whether they're the brains of a cell phone, cable box, or exercise bike, ...# 2991264425# http://s.it-ebooks-api.info/3/getting_started_with_beaglebone.jpg# 9781449345372# Linux-Powered Electronic Projects With Python and JavaScript# Getting Started with BeagleBone
In iOS 7, Apple gave the iPhone the most radical makeover in its history. The new software is powerful, sleek, and a perfect companion to the iPhone 5s and 5c—but it's wildly different. Fortunately, David Pogue is back with an expanded edition of h ...# 1505914423# http://s.it-ebooks-api.info/3/iphone_the_missing_manual_7th_edition.jpg# 9781449362232# # iPhone: The Missing Manual, 7th Edition
Practical OpenCV is a hands-on project book that shows you how to get the best results from OpenCV, the open-source computer vision library.

Computer vision is key to technologies like object recognition, shape detection, and depth estimation. Ope ...# 786529668# http://s.it-ebooks-api.info/6/practical_opencv.jpg# 9781430260790# # Practical OpenCV
The world of Raspberry Pi is evolving quickly, with many new interface boards and software libraries becoming available all the time. In this cookbook, prolific hacker and author Simon Monk provides more than 200 practical recipes for running this ti ...# 1344259765# http://s.it-ebooks-api.info/3/raspberry_pi_cookbook.jpg# 9781449365226# Software and Hardware Problems and Solutions# Raspberry Pi Cookbook
Three.js is a JavaScript 3D library that offers a wide range of features for creating and displaying stunning 3D computer graphics on a web browser in an intuitive manner using JavaScript without having to deal with the complexity of a WebGL low-leve ...# 541428686# http://s.it-ebooks-api.info/14/learning_three.js_the_javascript_3d_library_for_webgl.jpg# 9781782166283# Create and animate stunning 3D graphics using the open source Three.js JavaScript library# Learning Three.js: The JavaScript 3D Library for WebGL
Welcome to our multi-device world, a world where a user's experience with one application can span many devices—a smartphone, a tablet, a computer, the TV, and beyond. This practical book demonstrates the variety of ways devices relate to each othe ...# 813143697# http://s.it-ebooks-api.info/3/designing_multi-device_experiences.jpg# 9781449340384# An Ecosystem Approach to User Experiences across Devices# Designing Multi-Device Experiences
As 21st century people, we live a digital life, but computer scientists around the world warn of a declining pool of digitally literate computer science students. The Scratch environment makes it fun for students of any age to think, create, and coll ...# 3825366793# http://s.it-ebooks-api.info/14/scratch_2.0_beginners_guide_2nd_edition.jpg# 9781782160724# Create digital stories, games, art, and animations through six unique projects# Scratch 2.0: Beginner's Guide, 2nd Edition
Raspberry Pi Cookbook for Python Programmers is a practical guide for getting the most out of this little computer. It will guide you through the many uses of the Raspberry Pi and allow you to showcase the best it has to offer. Discover what the Rasp ...# 3147321496# http://s.it-ebooks-api.info/14/raspberry_pi_cookbook_for_python_programmers.jpg# 9781849696623# Over 50 easy-to-comprehend tailor-made recipes to get the most out of the Raspberry Pi and unleash its huge potential using Python# Raspberry Pi Cookbook for Python Programmers
A virtual machine (VM) is a software implementation of a machine (a computer) that executes programs like a physical machine. vSphere has clusters of virtual machines that are all interconnected. Virtualization changes everything. Virtual machines ha ...# 1940374588# http://s.it-ebooks-api.info/14/vsphere_virtual_machine_management.jpg# 9781782172185# Create vSphere virtual machines, manage performance, and explore advanced capabilities# vSphere Virtual Machine Management
Technology today is growing rapidly, with all sorts of cool gadgets, applications, and games made thanks to the rise of computer programming. The Raspberry Pi is a crafty device that has promoted the teaching of basic computer science in schools, cat ...# 4932121# http://s.it-ebooks-api.info/14/raspberry_pi_projects_for_kids.jpg# 9781783982226# Start your own coding adventure with your kids by creating cool and exciting games and applications on the Raspberry Pi# Raspberry Pi Projects for Kids
Linux Mint is one of the most popular and proven distributions for beginners and advanced users alike. Out of the box hardware and multimedia support makes Mint your go-to choice for general computing. Its ease of use has transformed it into a celebr ...# 1478542971# http://s.it-ebooks-api.info/14/linux_mint_essentials.jpg# 9781782168157# A practical guide to Linux Mint for the novice to the professional# Linux Mint Essentials
More college students use Amos Gilat's MATLAB: An Introduction with Applications than any other MATLAB textbook. This concise book is known for its just-in-time learning approach that gives students information when they need it. The new edition grad ...# 4065869074# http://s.it-ebooks-api.info/9/matlab_5th_edition.jpg# 9781118629864# An Introduction with Applications# MATLAB, 5th Edition
Memory forensics is the art of analyzing computer memory (RAM) to solve digital crimes. As a follow-up to the best seller Malware Analyst's Cookbook, experts in the fields of malware, security, and digital forensics bring you a step-by-step guide to ...# 4045257853# http://s.it-ebooks-api.info/9/the_art_of_memory_forensics.jpg# 9781118825099# Detecting Malware and Threats in Windows, Linux, and Mac Memory# The Art of Memory Forensics
This book is Part I of the fourth edition of Robert Sedgewick and Kevin Wayne's Algorithms, the leading textbook on algorithms today, widely used in colleges and universities worldwide. Part I contains Chapters 1 through 3 of the book. The fourth edi ...# 1026798647# http://s.it-ebooks-api.info/10/algorithms_part_i_4th_edition.jpg# 9780133798692# # Algorithms: Part I, 4th Edition
This book is Part II of the fourth edition of Robert Sedgewick and Kevin Wayne's Algorithms, the leading textbook on algorithms today, widely used in colleges and universities worldwide. Part II contains Chapters 4 through 6 of the book. The fourth e ...# 3210838633# http://s.it-ebooks-api.info/10/algorithms_part_ii_4th_edition.jpg# 9780133799118# # Algorithms: Part II, 4th Edition
It's a Mac world out there. But if you haven't read the instruction manual, you may be neglecting some of your computer's coolest features. Turn to Macs All-in-One For Dummies' jam-packed guide to access the incredible tools within your computer. Wit ...# 3398738612# http://s.it-ebooks-api.info/9/macs_all-in-one_for_dummies_4th_edition.jpg# 9781118822104# # Macs All-in-One For Dummies, 4th Edition
Discover what makes Macs superior computing machines. Learn the basics, from mastering the Dock and customizing OS X, to iCloud syncing and backing up with Time Machine. You'll suddenly find your computer fun again as you make FaceTime calls and expl ...# 2295376671# http://s.it-ebooks-api.info/9/macs_for_dummies_13th_edition.jpg# 9781118898697# # Macs For Dummies, 13th Edition
You're still a little giddy from finally scoring your new iMac, and you can't wait to get started. Even if you're already in love with your iMac, it helps to have a little guidance to really get the most out of this ultimate all-in-one computer. This ...# 471594850# http://s.it-ebooks-api.info/9/imac_for_dummies_8th_edition.jpg# 9781118862377# # iMac For Dummies, 8th Edition
Learn Raspberry Pi Programming with Python will show you how to program your nifty new $35 computer to make a web spider, a weather station, a media server, and more. You'll learn how to program in Python on your Raspberry Pi with hands-on examples a ...# 2509514983# http://s.it-ebooks-api.info/6/learn_raspberry_pi_programming_with_python.jpg# 9781430264248# # Learn Raspberry Pi Programming with Python
Google Glass is the new wearable computer everyone's talking about. It offers a head-mounted optical display and touch interface, and it's programmable. Kick-start your Glassware development by exploring how users can interface with Glass, developing ...# 487923116# http://s.it-ebooks-api.info/1/programming_google_glass.jpg# 9781937785796# The Mirror API# Programming Google Glass
Speak directly to your system. With its simple commands, flags, and parameters, a well-formed command-line application is the quickest way to automate a backup, a build, or a deployment and simplify your life. With this book, you'll learn specific wa ...# 421545034# http://s.it-ebooks-api.info/1/build_awesome_command-line_applications_in_ruby_2.jpg# 9781937785758# Control Your Computer, Simplify Your Life# Build Awesome Command-Line Applications in Ruby 2
Your software needs to leverage multiple cores, handle thousands of users and terabytes of data, and continue working in the face of both hardware and software failure. Concurrency and parallelism are the keys, and Seven Concurrency Models in Seven W ...# 1259414645# http://s.it-ebooks-api.info/1/seven_concurrency_models_in_seven_weeks.jpg# 9781937785659# When Threads Unravel# Seven Concurrency Models in Seven Weeks
The Browser Hacker's Handbook gives a practical understanding of hacking the everyday web browser and using it as a beachhead to launch further attacks deep into corporate networks. Written by a team of highly experienced computer security experts, t ...# 1837516263# http://s.it-ebooks-api.info/9/the_browser_hackers_handbook.jpg# 9781118662090# # The Browser Hacker's Handbook
Data mining is well on its way to becoming a recognized discipline in the overlapping areas of IT, statistics, machine learning, and AI. Practical Data Mining for Business presents a user-friendly approach to data mining methods, covering the typical ...# 792583658# http://s.it-ebooks-api.info/9/a_practical_guide_to_data_mining_for_business_and_industry.jpg# 9781119977131# # A Practical Guide to Data Mining for Business and Industry
Python Algorithms, 2nd Edition explains the Python approach to algorithm analysis and design. Written by Magnus Lie Hetland, author of Beginning Python, this book is sharply focused on classical algorithms, but it also gives a solid understanding of ...# 4054884817# http://s.it-ebooks-api.info/6/python_algorithms_2nd_edition.jpg# 9781484200568# Mastering Basic Algorithms in the Python Language# Python Algorithms, 2nd Edition
Take a smartphone from your pocket, and within a few seconds, you can snap a photo, manipulate it, and share it with the world. You have just achieved mass production of image data. With a computer vision library such as OpenCV, you can analyze and t ...# 2133117169# http://s.it-ebooks-api.info/14/android_application_programming_with_opencv.jpg# 9781849695206# Build Android apps to capture, manipulate, and track objects in 2D and 3D# Android Application Programming with OpenCV
Windows 8 has been described by Microsoft as its &quot;boldest&quot; Windows release ever and the 8.1 update enhances the paradigm further. Beginning Windows 8.1 takes you through the new features and helps you get more out of the familiar to reveal ...# 4120193582# http://s.it-ebooks-api.info/6/beginning_windows_8.1.jpg# 9781430263586# # Beginning Windows 8.1
Thanks to new, inexpensive microcontrollers, robotics has become far more accessible than it was in the past. These microcontrollers provide a whole new set of capabilities to allow even the most inexperienced users to make amazingly complicated proj ...# 661209773# http://s.it-ebooks-api.info/14/beaglebone_robotic_projects.jpg# 9781783559329# Create complex and exciting robotic projects with the BeagleBone Black# BeagleBone Robotic Projects
Computer generated graphics (CGI) are part of the design market. CGI helps digital designers from many industries to have a clear representation of their products before they are produced. To name a few, interior designers, architectural studios, and ...# 2452810425# http://s.it-ebooks-api.info/14/building_3d_models_with_modo_701.jpg# 9781849692465# Learn the art of next generation 3D content creation with step-by-step instructions from a real-world pro# Building 3D Models with modo 701
In the age of cybernation, Citrix XenApp has emerged as a prolific application virtualization product. This powerful solution enables users or an enterprise to have centrally hosted and managed applications on corporate servers which can be accessed ...# 2147227442# http://s.it-ebooks-api.info/14/citrix_xenapp_6.5_expert_cookbook.jpg# 9781849685221# Over 125 recipes that enable you to configure, administer, and troubleshoot a XenApp infrastructure for effective application virtualization# Citrix XenApp 6.5 Expert Cookbook
C++ is the language behind most of today's computer games. This 96-page C++ Game Development Primer takes you through the accelerated process of writing games for otherwise experienced C++ programmers. After reading this book, you'll have the fundame ...# 296136647# http://s.it-ebooks-api.info/6/c_game_development_primer.jpg# 9781484208151# # C++ Game Development Primer
Scratch is the wildly popular ­educational programming language used by ­millions of first-time learners in classrooms and homes worldwide. By dragging ­together colorful blocks of code, kids can learn computer programming concepts and make cool g ...# 1675272025# http://s.it-ebooks-api.info/15/super_scratch_programming_adventure_2nd_edition.jpg# 9781593275310# Learn to Program by Making Cool Games# Super Scratch Programming Adventure, 2nd Edition
Scratch is a fun, free, beginner-friendly programming environment where you connect blocks of code to build programs. While most famously used to introduce kids to programming, Scratch can make computer science approachable for people of any age. Rat ...# 1353014162# http://s.it-ebooks-api.info/15/learn_to_program_with_scratch.jpg# 9781593275433# A Visual Introduction to Programming with Games, Art, Science, and Math# Learn to Program with Scratch
Network security is not simply about building impenetrable walls — determined attackers will eventually overcome traditional defenses. The most effective computer security strategies integrate network security monitoring (NSM): the collection and a ...# 1413119425# http://s.it-ebooks-api.info/15/the_practice_of_network_security_monitoring.jpg# 9781593275099# Understanding Incident Detection and Response# The Practice of Network Security Monitoring
The design and analysis of efficient data structures has long been recognized as a key component of the Computer Science curriculum. Goodrich and Tomassia's approach to this classic topic is based on the object-oriented paradigm as the framework of c ...# 3328872839# http://s.it-ebooks-api.info/9/data_structures_and_algorithms_in_java_6th_edition.jpg# 9781118771334# International Student Version# Data Structures and Algorithms in Java, 6th Edition
Introducing a NEW addition to our growing library of computer science titles, Algorithm Design and Applications, by Michael T. Goodrich &amp; Roberto Tamassia! Algorithms is a course required for all computer science majors, with a strong focus on th ...# 3956307364# http://s.it-ebooks-api.info/9/algorithm_design_and_applications.jpg# 9781118335918# # Algorithm Design and Applications
ActionScript 3 is a full-fledged programming language, with complete object-oriented capabilities, event handling, sound and video support, drawing capabilities, support for regular expressions, and much more.

Whether you are just starting out on ...# 2037096987# http://s.it-ebooks-api.info/6/foundation_actionscript_3_2nd_edition.jpg# 9781484205853# # Foundation ActionScript 3, 2nd Edition
The Raspberry Pi is deceptively simple. Plug it in, boot it up, and use it as a personal computer, or attach a million gizmos and modules and invent something new and amazing. Either way, what it can actually do is not simple, and you should know exa ...# 3590162959# http://s.it-ebooks-api.info/6/raspberry_pi_hardware_reference.jpg# 9781484208007# # Raspberry Pi Hardware Reference
C Primer Plus is a carefully tested, well-crafted, and complete tutorial on a subject core to programmers and developers. This computer science classic teaches principles of programming, including structured code and top-down design.

Author and ed ...# 1136246725# http://s.it-ebooks-api.info/10/c_primer_plus_6th_edition.jpg# 9780321928429# # C Primer Plus, 6th Edition
Unlike some operating systems, Linux doesn't try to hide the important bits from you—it gives you full control of your computer. But to truly master Linux, you need to understand its internals, like how the system boots, how networking works, and w ...# 991185306# http://s.it-ebooks-api.info/15/how_linux_works_2nd_edition.jpg# 9781593275679# What Every Superuser Should Know# How Linux Works, 2nd Edition
Get the most out of Windows 8.1 for your every day computing tasks, with no jargon. Clear, concise and to the point. This brief book, Everyday Computing With Windows 8.1 provides the essentials of using a desktop or laptop running Windows 8 or 8.1, p ...# 2121163814# http://s.it-ebooks-api.info/6/everyday_computing_with_windows_8.1.jpg# 9781484208069# # Everyday Computing with Windows 8.1
C++ is the workhorse of programming languages and remains one of the most widely used programming languages today. It's cross-platform, multi-functional, and updates are typically open-source. The language itself is object-oriented, offering you the ...# 1828166419# http://s.it-ebooks-api.info/9/c_all-in-one_for_dummies_3rd_edition.jpg# 9781118823781# # C++ All-in-One For Dummies, 3rd Edition
Whether you prefer to snap shots on your smartphone or never leave home without your DSLR, chances are you have way more photos than you ever dreamed possible. With the help of Photoshop Elements 13 All-in-One For Dummies, you can edit those photos a ...# 3834941364# http://s.it-ebooks-api.info/9/photoshop_elements_13_all-in-one_for_dummies.jpg# 9781118998601# # Photoshop Elements 13 All-in-One For Dummies
This book teaches you how to model a nautical scene, complete with boats and water, and then add materials, lighting, and animation. It demystifies the Blender interface and explains what each tool does so that you will be left with a thorough unders ...# 1811524141# http://s.it-ebooks-api.info/14/blender_3d_basics_2nd_edition.jpg# 9781783984909# A quick and easy-to-use guide to create 3D modeling and animation using Blender 2.7# Blender 3D Basics, 2nd Edition
Raspberry Pi is Linux, but it's a unique flavor of Linux, specifically for the ARM-based Pi. Raspberry Pi Software Reference guides you through the boot process, including options for tweaking HDMI, memory, and other boot options. You'll learn the de ...# 1488456926# http://s.it-ebooks-api.info/6/raspberry_pi_system_software_reference.jpg# 9781484207970# # Raspberry Pi System Software Reference
Embedded platforms are interesting because they combine two fun fields. On one side, there is open source software, and on the other side, there is open source hardware. But a little further from that, we have electronics (AVR-microcontrollers), whic ...# 620563624# http://s.it-ebooks-api.info/14/getting_started_with_cubieboard.jpg# 9781783281572# Leverage the power of the ARM-based Cubieboard to create amazing projects# Getting Started with Cubieboard
Unity is a powerful cross-platform game creation system that includes a game engine and integrated development environment (IDE). AI programming in Unity is a key task for any game developer as it gives you the ability to make computer characters thi ...# 4010846267# http://s.it-ebooks-api.info/14/unity_ai_programming_essentials.jpg# 9781783553556# Use Unity3D, a popular game development ecosystem, to add realistic AI to your games quickly and effortlessly# Unity AI Programming Essentials
Most modern machines have dual-core processors. This means that the present-day computer has the ability to multitask. Using multiple cores means your applications can process data faster and be more responsive to users. However, to fully exploit thi ...# 4201967908# http://s.it-ebooks-api.info/14/c_multithreaded_and_parallel_programming.jpg# 9781849688321# Develop powerful C# applications to take advantage of today's multicore hardware# C# Multithreaded and Parallel Programming
Have you ever wondered how apps are made? Do you have a great idea for an app that you want to make reality? This book can teach you how to create apps for any Android device, even if you have never programmed before. With App Inventor, if you can im ...# 3566885166# http://s.it-ebooks-api.info/5/hello_app_inventor.jpg# 9781617291432# Android programming for kids and the rest of us# Hello App Inventor!
The BeagleBone is a microboard computer that offers all the possibilities of a larger PC in a miniaturized package. By learning embedded Linux for the BeagleBone, you can get started on the road to utilizing the power of the board to achieve its full ...# 2853018188# http://s.it-ebooks-api.info/14/learning_beaglebone.jpg# 9781783982905# Learn how to love and care for your BeagleBone and teach it tricks# Learning BeagleBone
